POINT3D_ID,X,Y,Z,local_roughness
172,3.3923749416433937,0.1183712340705895,1.4988999475775855,0.00067140020192965
385,3.366129802359106,0.5131097899147002,1.3295224520103224,0.0007412153698468559
386,3.361364929102881,0.5349713621788077,1.3201228650004084,0.0007133116419130974
432,3.354309988785368,0.6379362119080441,1.2780453667659308,0.001045419294352584
631,2.5652661891075605,-0.1899451110815412,1.6745694257662345,0.0003144702327974946
632,2.565380132596281,-0.1899206507585435,1.6740328023055198,0.0010193442985263995
651,2.583509648374843,-0.1175465181853475,1.6440648895771102,0.00122528321502287
700,3.3704793118312852,0.0335970534698835,1.5347469427478773,0.0005721992081557064
930,3.3640421571897683,0.7302631175633348,1.2381254327984752,0.0011970943550135946
931,3.364011878112369,0.7302166653750056,1.2378624433212635,0.0009207639489193909
932,3.3693162490974413,0.7402613504264295,1.2313598649651587,0.0006907168337538887
991,3.3576585551386344,0.890020061366372,1.1697052210620158,0.0006373829037540295
1241,3.340959141892865,0.4262922452728317,1.369773588967668,0.00015692043450860654
1281,3.349987743912463,0.5975432335823816,1.2946164256754238,0.00034064518936465383
1294,3.371545799985198,0.7121445368499778,1.243971151318228,0.0007072205799287867
1491,3.3613039852718343,0.8660093404902198,1.1794680175465473,0.0009355989777142879
1492,3.367824907813131,0.8944476551752799,1.167134783952111,0.00014410166905340813
1681,3.3739556585036934,0.7035738680850241,1.2470597463854836,0.0008815061694991077
1767,2.1792640907912797,-0.0373430231685542,1.6287030487968073,0.001157770505498531
1798,2.191260442654938,-0.0170744181132469,1.6142036994250335,0.004257525351169688
1828,2.215823068981203,0.0209797218669074,1.602739879242425,0.0015608613069781343
1869,2.1928338606920037,0.095884552791382,1.5701604556794364,0.00010845131500514771
1927,2.195240180701618,0.1700548008675076,1.5371053686706455,0.0014387247558535613
1967,2.1805252488661475,0.2378397102421031,1.512426823469294,0.0019555043349372284
2034,2.1593176684855524,0.2917350047651238,1.4875009276793676,0.0015524701887870203
2170,2.1804084973334827,0.4434129883422349,1.420513287367546,0.00236372914725923
2171,2.1804084973334827,0.4434129883422349,1.420513287367546,0.00236372914725923
2258,2.182590674861142,0.5341117890417064,1.3813998620841093,0.0022859851102050043
2259,2.182590674861142,0.5341117890417064,1.3813998620841093,0.0022859851102050043
2352,2.201976658942558,0.6221114912254333,1.3473085805572886,0.0021559937256308845
2426,3.3541567062151434,0.6379234709916437,1.2779904680874823,0.0009651716802321818
2467,2.2254277654668626,0.6993986887696271,1.3104561394522916,0.001055054064217757
2507,2.2333608435122927,0.7046200718743909,1.3091661769245164,0.0005940946822133475
2509,2.215502652788243,0.7277850390065294,1.297532620598994,0.00201256219526614
2759,2.2058213212440516,0.8876571015604591,1.2350277574777393,0.004304250530523685
2760,2.2160858386921007,0.8848585567087828,1.230369298145049,0.0006783967285578044
2761,2.2153758987477143,0.8859438423267311,1.2348298246277367,0.004034980785265151
2762,2.210878639645355,0.8939516478947774,1.225144807226047,0.002390447615176098
2828,2.205962337996537,0.923029867753214,1.213790818467319,0.0014987405953123783
3030,2.181694885340081,1.028717078615458,1.1683748597927566,0.004968864700885478
3223,2.243557174149289,1.1461301970881437,1.1114025125081262,0.005695779605430556
3356,2.1903984926582214,-0.1702504339166661,1.6786311101677822,0.005837035363168222
3461,2.209389170970961,-0.0259644250428413,1.6258473359563426,0.004483322583251257
3490,2.206267765528339,0.0340969352589752,1.594610251800602,0.0013651708331764662
3525,2.1994251363472164,0.0653927102078487,1.5824934111343634,0.0004648129581938055
3528,2.186130810312422,0.1035383381185401,1.5675778304636687,0.0002331762659670523
3670,2.158286886244586,0.31503140088021,1.4783512594162178,0.00011452496997732377
3776,2.1624572085604465,0.479243750920245,1.410507231715586,0.002568387050726742
3810,2.170952019724851,0.5238306268303584,1.3870760935400812,0.001733910742048228
3979,2.213035662295037,0.7167868615735411,1.3058837314919802,0.0014900117461498744
4005,2.2035647465640187,0.7449670039262816,1.2915623502496796,0.0010398343019563192
4135,2.207106665450075,0.913215255031922,1.2191953533855835,0.00029776625951629103
4275,2.195630188765311,1.0548116583034195,1.158240974613136,0.0011595506316732223
4437,2.183601279679702,-0.1242779758907937,1.6644457061056923,0.00014963584187305444
4638,2.170868709455279,0.4518250322041587,1.4176350704422345,0.002137237972364456
4929,2.224676734990508,1.1645576159387507,1.1123964756803606,0.002508769663058021
4930,2.224676734990508,1.1645576159387507,1.1123964756803606,0.002508769663058021
4931,2.2329130096069063,1.1818261994124766,1.10289573015014,0.001022956833130915
5210,2.2063184585202498,1.0729375657753546,1.1508842373451087,0.00023092690999125458
5234,2.2445999919234683,1.1725723919741935,1.1068406548712026,0.0019942219696009126
5235,2.2452226273357674,1.170805283478471,1.1036119780374776,0.002453625012842007
5252,2.232345271491985,1.2227029943160077,1.082423618894976,0.002037744416958836
5253,2.232069595507079,1.2245361057710122,1.0858080928801197,0.002366100839516828
5437,2.1847731300807793,0.0034064880875683,1.614845527557608,0.00483651068839242
5488,2.189665067677872,0.6056782538824329,1.3534183174589636,0.00048495783746272064
5582,2.2032921517460933,0.8302884853655345,1.2578815825375405,0.001717922878779417
5728,3.361607607260072,0.0043564766642777,1.5475597129519374,0.0010523317532616504
5777,2.1643718852363425,0.2667079157148441,1.500975364786728,0.0015993487290492353
5871,2.209051550909602,0.666253339530355,1.3262989469149102,0.00026565385024335334
5879,2.21876775156903,0.7080173537313218,1.3082706878664243,0.0003716638164496422
6293,3.3681681755613977,0.7968930149523081,1.2064162525073407,0.002205331856095644
6363,2.18360880931381,0.567648436589744,1.3789479846448742,0.00935196296537582
6508,2.2069754703726705,0.7854502834963614,1.2720598813756756,0.0027530182856067772
6824,3.350794594916509,0.5447392542462449,1.3179211187348814,0.0009105826698365469
7554,3.3820590235491355,0.1326744227145764,1.4908057388190272,0.0013726767084199947
7555,3.3820590235491355,0.1326744227145764,1.4908057388190272,0.0013726767084199947
7985,3.378670019078348,0.0512604845685111,1.5285588932734662,0.0018573153371743403
8460,3.3954158223958983,0.1305726262307612,1.4937951606509274,0.0007627181733471899
8666,1.0491451048291995,1.1684165540000548,1.172531807455721,0.00025254354178011907
8738,1.0397494946955417,1.131746470689913,1.1931685118027613,0.001886805537819245
8774,0.9875099747746788,1.5301887975171022,1.0311968141724006,0.0006692008578760722
8775,0.9875099747746788,1.5301887975171022,1.0311968141724006,0.0006692008578760722
8844,0.9598597776070086,1.581650724678829,1.0164364989892267,0.00029961381430546443
8845,0.9598597776070086,1.581650724678829,1.0164364989892267,0.00029961381430546443
8869,1.030442095162034,1.284400656783621,1.1313205804235498,0.004268400312771495
8955,1.088951196527583,-0.1294713333414215,1.7156758057629524,0.0002641660567776021
8975,1.1254835498161988,-0.0289252511902027,1.6721247156067909,0.0011195801969018466
8993,1.0675563573158713,-0.022611525985657,1.6717413388535998,0.0011628896273363902
8994,1.070968405268197,0.00498364653346,1.660695012142132,0.0018437274679474647
9010,1.0872031994588824,0.0394107080810618,1.6507395287570463,0.006345529661745136
9127,1.0867359675070416,0.3535335872365395,1.5131916381607855,0.0009783851052980804
9128,1.0881327993720238,0.3631269512566525,1.508200212311145,0.00020701773179873805
9129,1.0881327993720238,0.3631269512566525,1.508200212311145,0.00020701773179873805
9152,1.0716391678665949,0.4155975788629323,1.484686852064328,0.0028245797791635325
9400,1.095795372298067,0.0323662560909681,1.6488341782127605,0.0015566219714387428
9456,1.0843615463449594,0.3790280173544206,1.4992553144544851,0.002178514242907194
9584,1.0519433649387953,0.7300849967548851,1.3574606147456716,0.00042450755855491626
9652,1.0518963624840287,0.8985185804922285,1.2904714979461511,0.002477070273896817
9702,1.0331562531794007,1.0318176572620654,1.235503866615984,6.791935069710127e-05
9804,1.1259561119685664,-0.0926621056599745,1.6975595460901318,0.0031034166571141373
9976,1.054043666193363,0.9340735638631062,1.2758302852511347,0.003638185576100543
9992,1.0346436764146116,1.0052409488639134,1.2490455979160804,0.001598294692079168
9993,1.0346436764146116,1.0052409488639134,1.2490455979160804,0.001598294692079168
10159,1.025838706237354,1.21744199111769,1.1542887064632628,0.0031068056094090387
10203,1.054903853190189,0.6877385619986196,1.373559532298282,0.0015503830272349133
10254,1.070466009175871,0.5932795885257718,1.4124130308513076,0.0004293736580040072
10267,1.0516240933207974,0.9247868964437488,1.2809505399701862,0.00397322960151765
10479,1.1246512311037555,-0.0137888330267311,1.666224695098862,0.0005017438290002672
10513,1.094880549054538,0.0468663557096242,1.6433992196083058,0.0022434845424195416
10639,1.1171654348766298,0.2656845168709569,1.5470300914531918,0.00196237913683414
10671,1.1049639376908722,0.2977062144313399,1.5332218462595582,0.0017804704835157254
10681,0.3659897110899928,0.3318618122700942,1.5553106102975798,0.025815060128971966
10695,1.0901747464039797,0.3369554692403014,1.518425887172972,0.0003599707024855718
10762,1.0688773975466614,0.4476896578229912,1.4668087214101335,0.007720353068807685
11047,1.0546795080110505,0.839545872653967,1.3136039975889433,0.0019490945622071215
11454,0.2521605567886184,-0.3304124980136233,1.799290211315387,0.027386289961533927
11656,1.0954176120745611,0.0327152748761749,1.6508536658080728,0.0036821245979401953
12162,1.0753646683432758,-0.0822288380119751,1.6912215989544264,0.005292537230956259
12163,1.075446389825733,-0.0821292823771456,1.6915999059424112,0.004820413500484204
12373,1.0611289656894465,0.94390294550667,1.268233666363922,0.0028195494749972566
12391,1.0412108389193937,1.055725501323584,1.2258048608260246,0.002221275612330595
12550,1.0576127819273111,0.6156082952453696,1.4047119814409206,0.001505963534586804
12580,1.054540512566257,0.9005366904288465,1.2868944922539047,0.000714644511542332
12858,1.051576181946313,1.1423400339314438,1.1773037342615698,0.007168411937497626
12975,2.1782352200878834,0.22931707917432,1.516020578515763,0.0016772259801220598
13634,1.0796545469652272,0.5013598409219248,1.448197325477642,0.0021672955829992965
13926,1.055699113776798,0.8980246111259832,1.2857541830706278,0.0010451654394682932
13928,0.001524423781898,1.0353138110898394,1.2848746440879786,0.0017556191748906245
14502,4.281261925796224,0.247423742133263,1.3970549251408215,0.0016488759951669815
14520,3.351949974890363,0.2953864632239412,1.4261349050692336,0.0031886813641537116
14590,4.290116440193123,0.3230977348306927,1.364304557608029,0.0006557602209556648
14657,4.275433215822047,0.3820028149025839,1.3402958442461506,3.0157502197379723e-05
14658,4.285278317182451,0.3834489796665673,1.3382730202037636,0.0009261712880948802
14798,3.3617332526438437,0.5333368984937997,1.3174806265361514,0.0029002070097426487
14860,3.3586348786828224,0.5527798162997886,1.3083965943660472,0.004032651527104229
15046,3.370526638573544,0.7556981870965596,1.225883146213049,0.00011948074727927932
16141,3.3538182370169607,0.5857441650129965,1.2981426330817478,0.0011326492021351913
16272,3.369482394204577,0.739760939173779,1.2311319292687268,0.0011182768657670755
16439,3.3775152104272954,0.9418980500845944,1.1477048285854132,0.0016872109340436857
16691,3.3759165587919764,1.1342501474980289,1.061656320587162,0.004946252972413298
17008,3.353755243824787,0.6688494282742768,1.261572318798612,0.0026926691034753303
17213,3.3760755906845543,1.1176506358566745,1.0732829016339522,0.0004799042167872463
17291,3.3954158223958983,0.1305726262307612,1.4937951606509274,0.0007627181733471899
17548,4.280919444670071,0.3588330964499396,1.3489511953565658,0.0007240941032422978
17573,3.359103942864347,0.5735290590594025,1.3056937871891303,0.002038782427845102
17747,3.37358167749944,0.9156066190830932,1.160086373616839,0.002320195686929453
17978,3.3571103229151724,0.3107777499948288,1.422410919786328,0.005486936416566828
18131,3.362308420404922,-0.0831475534034402,1.5848707818654135,0.001351815453297216
18542,3.3561843070617443,0.6475435735041498,1.2736796195623523,0.0008714012195369778
18630,3.3608710016107817,0.0340727003886712,1.530188644173741,0.0038839654036685618
18962,3.3528084832446305,-0.0131377289488634,1.5514624205793208,0.0028328155343860574
19071,3.35758303133556,1.1778915858445551,1.0496244673052282,0.001402942509581635
19137,3.351019876111585,0.8420054756760038,1.192471182984106,0.0014234520607328094
19264,3.352062013564844,0.0122592657271607,1.5400406275335956,0.00351343329393934
19338,3.394379788072334,0.2000825950235155,1.463831720444841,0.00023483084702726457
19394,3.383360525820182,0.1206710279069365,1.4979946120253105,0.0007224428689377702
19427,4.275483863333392,0.3819386535847994,1.3408213438153398,0.00046452478486939925
19622,4.341872035462976,0.5889894655826244,1.251300987786909,0.0006976325127219209
19657,3.356533800279888,1.1824101589497762,1.052795028870981,0.005128370143869599
19884,3.34077245556458,0.44633638771919,1.3598541553231491,0.0011033022998574475
19910,3.3759525858853303,1.117335229776892,1.0731837125154762,0.00019598315237160573
20389,-0.002621847877407,0.2541159339772389,1.603525033920191,0.0006615941898088158
20390,-0.002621847877407,0.2541159339772389,1.603525033920191,0.0006615941898088158
20443,-0.0160765407224305,0.3275279399018357,1.5741175743770754,0.0004325390303117799
20509,-0.0065540195224307,0.3922839334814302,1.5475482079256333,0.0007838614587625628
20587,-0.0105355605286014,0.4846449288399417,1.5080668049970385,0.003062112164709055
20639,-0.0203115451943263,0.5057368477536223,1.500772454076808,0.0022386935945753737
20641,-0.0323999680975293,0.5345252734091134,1.4924432004775663,0.0003969792336680204
20681,-0.0413871467177707,0.5539537232185946,1.4824627204746688,0.0017640092656859825
20868,-0.0171057659489195,0.6631315551750637,1.4417949434481143,0.0021635462506348607
20869,-0.0171057659489195,0.6631315551750637,1.4417949434481143,0.0021635462506348607
21074,-0.0125146802652197,0.7554584148995822,1.404559888726648,0.0026682429876864126
21285,-0.004931767234266,0.8578865842303811,1.357921034265498,0.0005679041155503016
21340,-0.0080270107748616,0.903765759010404,1.339268234971909,7.787262093425031e-05
21410,-0.0079041678638906,0.9288397153631492,1.3275941647961391,0.0010025554594141717
21411,-0.0079041678638906,0.9288397153631492,1.3275941647961391,0.0010025554594141717
21485,0.0012426739610409,0.9825073744914348,1.3041800853415273,0.0015511817619566059
21733,-0.0073702026022229,0.0718199344290391,1.676266334188999,0.0002774450731051349
21815,-0.0020798281933536,0.1899980097906639,1.6302233150884855,0.0015032050580028112
21850,-0.0172250823365663,0.2317742506720184,1.613141736508413,0.0002986866635724002
21869,-0.0198933672569978,0.2450720156913553,1.609347413592576,0.0010413225991812913
21870,-0.0198933672569978,0.2450720156913553,1.609347413592576,0.0010413225991812913
21871,-0.0037801881737986,0.2647788538590034,1.598010317760704,0.0006662809321505115
21902,-0.0214778051089462,0.3038412126215471,1.584924652315658,0.0001410350743612164
22105,-0.0622322829083986,0.5914911542642866,1.4715171445341375,0.0014196535794990164
22106,-0.0530189751732615,0.6024855855966588,1.4657588427417283,0.0002675654450293195
22140,-0.064666844685804,0.6287753330212317,1.4560754515014294,0.0002334205730635179
22141,-0.0535495705020567,0.6314464876301717,1.4549110120928452,0.000737271346695939
22178,-0.0055284969067903,0.6779425109929985,1.4331031199630648,0.00024193764121347217
22334,-0.0193258113961309,0.8308492035843031,1.3736474136353958,0.00337282578501398
22463,-0.0001383443179531,0.997694626372884,1.2986088311749249,0.0007100334029322527
22534,-0.0712002105359816,-0.1319239449694605,1.7643759826428984,0.00019294865247422506
22544,-0.0788866111081972,-0.0665735146687466,1.7333569524794945,0.006090084241286523
22577,-0.0238454125751019,0.001171294272673,1.7050802487646644,0.0015758010319457945
22609,-0.0086252952592383,0.0990252139647174,1.6660641566515442,0.00036121566626945846
22610,-0.005396829697209,0.109655746708037,1.6622596235671994,0.0010919655366589387
22649,-0.0046196885956248,0.2017061369897129,1.624162487792859,0.00018641650000460254
22750,-0.0321949281638803,0.5506481671698175,1.4836628965137368,0.0017762009997500862
22804,-0.0707272053670973,0.715589242839926,1.4206102665700202,0.0008267386313606845
22882,-0.0031390558524708,0.9427817535983812,1.3209684021297785,0.0016230539531388293
22968,0.0019590060194663,0.1407410276440008,1.6482464939998398,7.802675924135588e-05
23036,-0.0233133154513688,0.5105215126803829,1.4999735082255303,0.0012710988498394332
23063,-0.0330195541616842,0.6270343665002013,1.455346546507617,0.0005656569289722446
23112,-0.0077789951704647,0.8446625287315975,1.365171733772134,0.0009946614562342004
23174,-0.0288841874969831,0.2240116696671235,1.6170373819899688,0.0007481261341802365
23246,-0.0389837132175555,0.7909121138201243,1.3903933497490917,0.0029284622033531054
23274,-0.0757308497864314,-0.0442829159487491,1.7317534243193156,0.003780536983044635
23298,-0.0191399339021708,0.3198417110750047,1.5798265742586746,0.0016968100825193138
23299,-0.0191399339021708,0.3198417110750047,1.5798265742586746,0.0016968100825193138
23341,-0.0052883828646165,0.920792083942517,1.3310715619779208,0.0008472707188126737
23646,-0.056965388191558,-0.2586601340558839,1.814898204856186,0.0035964459641747047
23727,-0.0643644447328546,0.6415919575639014,1.4506564783240044,0.00015094755714539684
23728,-0.0643644447328546,0.6415919575639014,1.4506564783240044,0.00015094755714539684
23775,-0.0056232126343832,0.2950271366725359,1.5869913650566243,0.0004415964941476428
29295,4.247610158075884,0.1095664713323849,1.4532279408451358,0.0017314868159978443
30548,4.321336375231425,0.5417914463974149,1.2728154507483542,0.0014006914567334886
30959,4.284626070859926,0.2611118861827383,1.3903144887799068,0.0006610037509824845
30984,4.348344832817509,0.6574395385119446,1.222383306099874,1.682089048647158e-05
31090,4.299747070184426,0.4614303134805978,1.3044876715156042,0.0014897597608737212
31151,4.3058443799334185,0.5199308707394228,1.2803796741209172,0.0010085869032299888
31260,4.290422847537356,0.3403970833425456,1.3564937203404528,0.00036938016159823847
31610,-1.366621220173447,-0.0729213049102736,1.794769185023848,0.003025200298973673
31708,-1.3548556182975415,0.1240899906118057,1.713656401355873,0.0009168976117082209
31730,-1.360043872327925,0.1985542915833723,1.685960944593433,0.0012826478252216617
31935,-1.4303143440061112,0.4339724351590702,1.5868809150815637,0.0031336432508732963
32009,-1.4342192676778105,0.4872157461464542,1.569883846877574,0.001520832275866759
32010,-1.4374015735524566,0.4941348937507233,1.5665307390721,0.0009693046383477106
32103,-1.433084474962411,0.5875538762949656,1.5292887914782476,0.0012906736883364631
32157,-1.4253661083431548,0.6191334466500747,1.5168435414130277,0.001719742600578798
32296,-1.4237057692617845,0.6942465350806605,1.4870764827858325,0.0024344549103158743
32727,-1.4487616414818794,0.9647671385784186,1.3711614378184882,0.002060380838533322
33107,-2.0502839771042924,0.2726848646631307,1.681967743416234,0.000376184467880299
33121,-1.3703065859910335,0.266338770577212,1.6589587563125483,0.001290007424307498
33540,-1.4319270563874489,0.7477706438131309,1.4640076399869275,0.0017258185791287051
33655,-1.4319538177632765,0.8971403828644006,1.402166215020518,0.0009625282519733978
33687,-1.4351785272727902,0.9116567077575138,1.3970158987918315,0.0019107521749659915
33712,-1.4402950326181845,0.9631631140013333,1.372688972153829,0.001253871892485521
33740,-1.4393082797110526,1.0273615249079873,1.3461069310916132,0.0017424135822130906
33977,-1.4144190019411726,0.3765928041481972,1.613537704745163,0.0010332245861723983
33978,-1.4057401843066646,0.3959080396523214,1.6033893736208005,0.0019637549235176086
34011,-1.4243410693888905,0.4811336781604386,1.571211139405506,0.00012607439320590344
34012,-1.4244390350624248,0.481113345757175,1.57118082373642,8.851898570086042e-05
34087,-1.412574335890436,0.6515273990802541,1.5021256573423811,0.0005566143220465649
34178,-1.4278306118471953,0.8485916200814656,1.4228199041453349,0.0016124687869715363
34179,-1.4278306118471953,0.8485916200814656,1.4228199041453349,0.0016124687869715363
34889,-2.197535460331522,-0.2918962184865974,1.9275484765319368,0.01712508881649634
34944,-1.3528591280657143,0.1135828237719837,1.7192953222354268,0.0006810664760027626
35247,-1.3677976509439145,-0.081661710927639,1.8002648989680408,0.005787006137284204
35658,-1.36335682763138,-0.0436560442731077,1.777313458780311,0.003878844992326855
35710,-1.3654550735485491,0.0056547396483917,1.7594786715799486,0.0018153928796314689
35730,-1.3592492272837176,0.0336731500140326,1.7467422376622188,0.003590168420291324
35731,-1.359382376489912,0.0587420493083842,1.7387719026832733,0.0015553471409638945
35825,-1.3801100226248872,0.2232387484246913,1.6763634589416283,0.0017055530104595215
35826,-1.3801100226248872,0.2232387484246913,1.6763634589416283,0.0017055530104595215
35927,-1.4375350932071538,1.1002608875915063,1.3148810499658925,0.003694479839318479
36339,-1.4293219586857884,0.6055501133649113,1.5176061333527355,0.002833798154109737
36564,-1.4229404562847876,0.585789700602782,1.531504228051933,0.0024855939485191702
37009,-2.758918255201917,-0.0759675505291497,1.8546333599475784,0.000973549829600237
37052,-2.744513748261597,0.0125694380365617,1.818159432871947,0.00032324106606154994
37053,-2.7037505181668315,0.0298739100566621,1.8098283637545656,0.00014284987007803196
37054,-2.6996046839348944,0.0423165915341674,1.804249278938388,0.00012973598281247687
37111,-2.67013365562177,0.1810843068221155,1.7438537993586791,0.0009905821625750277
37317,-2.682859585453363,0.4524845891741302,1.6281323266145,0.005024199243848962
37497,-2.678250368092666,0.6063380473926184,1.5703621123276956,8.314854105469376e-05
37648,-2.6858775213303576,0.7269116456726652,1.5226002758396997,0.002614559038565665
37773,-2.7003436881200416,0.7666431597784336,1.5037490028816376,0.0009038860857846465
37846,-2.714433752350903,0.8267506350087099,1.4776777292099674,0.000457511811385208
37903,-2.702564592277376,0.8531704525029655,1.4635819091737503,0.003757956869335689
37904,-2.695660260330128,0.8626241064401023,1.4617108587987508,0.002116764419120046
37951,-2.708321788057957,0.8722109566175005,1.4576988469808112,0.001541020370829211
38006,-2.6977021325416697,0.9274902573928444,1.4381867773449597,0.0011406853041697792
38132,-2.7421658125511863,-0.1595577819954284,1.8936925359118213,0.002734680524027552
38133,-2.719762322113243,-0.1897340435272152,1.9048099613043796,0.001027165706576772
38179,-2.7772405354501015,-0.0784308805372927,1.8566127230624776,0.00039527275784604005
38180,-2.749886734124361,-0.0926687189820011,1.862088947776383,0.0006541108041546825
38181,-2.7496888131550135,-0.0926718479281057,1.861715003218526,0.0010171673235362206
38182,-2.6997795123147195,-0.0891305761979041,1.8594835392126945,0.0009374476675352234
38183,-2.6997795123147195,-0.0891305761979041,1.8594835392126945,0.0009374476675352234
38211,-2.772283930492449,-0.0448354294319154,1.8430574695781612,0.0006482287300886869
38213,-2.762212234238503,-0.0555666773321454,1.847044045917392,0.00021406337475857637
38215,-2.6889043824059473,-0.0530176209254504,1.8459075161799212,0.001939416667247677
38312,-2.7565379140276107,0.0463411480520754,1.803954634897617,0.0009730359726368732
38385,-2.666559324415851,0.1268746696692792,1.7683715821319614,0.0006892831609421138
38386,-2.6667377640077436,0.1266586522032705,1.7704058226249602,0.0027140135680899275
38430,-2.665098008952664,0.2114368589292579,1.7310162275227683,0.0009118767229025508
38491,-2.6816013500934917,0.2926708234409106,1.6970809914460416,0.0016974724400470515
38678,-2.685091869311688,0.5109012606797436,1.6108333957567056,0.0019820160170497055
38751,-2.676080358636067,0.61391772407479,1.566889007819924,0.0006710598093076215
39062,-2.694996070166373,0.940203134724484,1.4318985337603969,0.0001751228110244172
39063,-2.6837870217352875,0.9571305498177384,1.4243355405937352,0.0021596117519926132
39130,-2.748268284717465,-0.186170892182939,1.9029470442019896,0.0004026668485887137
39131,-2.7364524748851897,-0.1875415720491024,1.89750283064151,0.006019060712104755
39156,-2.7516408893017728,-0.1037673440523675,1.8672746366302175,0.00037306635049801746
39157,-2.731839404817327,-0.1070650673532073,1.869094241140916,0.00032321704241559013
39158,-2.7355262869815196,-0.097939703564263,1.86331685201445,0.0014549660718504239
39187,-2.75155991974514,-0.032541678209287,1.838118213230026,0.0011273037520227816
39223,-2.7257854254198643,0.0714526285678417,1.791670347078091,0.0010796179825495356
39231,-2.6901796237218334,0.0864666530201092,1.785239683932542,0.0001016007800826821
39232,-2.690291256560939,0.086493599839797,1.785133166534435,5.109863607105289e-06
39306,-2.68737534028918,0.2752732547350214,1.7031807563249943,0.0029893150564789532
39401,-2.685885839338408,0.4738014165818953,1.6231340384475386,0.0009091973896242817
39512,-2.6923792774318445,0.7160243129947309,1.5242006026854276,0.00011272614400838904
39650,-2.709002640589021,-0.1968926329302195,1.906789298703037,0.00014173444760318373
39657,-2.735513224442635,-0.1747250203251613,1.898684672406147,0.0012179866594061125
39658,-2.6995229406177312,-0.1792004258491617,1.8991582248430745,0.00010830611933361287
39675,-2.6866942748398235,-0.0814500725828011,1.8566193930850767,0.00022752762770953349
39676,-2.7456822219415566,-0.0699097217541161,1.8511006146179363,0.001503262857799185
39698,-2.711947919562121,0.0738588815585362,1.7917893223467969,0.0006382207526146243
39702,-2.683842570750277,0.1106197294454967,1.7759068123623265,0.0008378676983423229
39826,-2.6921584165628527,0.7348066651064298,1.518442048759046,0.001983958440826304
39827,-2.6920825255784124,0.734762857014711,1.5182152063224403,0.0017415975642879238
39921,-2.71939322011974,-0.0353055711961441,1.836769624143708,0.00038236081861849774
40007,-2.7039986834636673,0.8043021457201441,1.4880087732024123,0.0008541155057404119
40008,-2.7039986834636673,0.8043021457201441,1.4880087732024123,0.0008541155057404119
40181,-2.685469819899426,0.0203931220278138,1.811345313061703,0.0017444366754301695
40182,-2.685469819899426,0.0203931220278138,1.811345313061703,0.0017444366754301695
40260,-2.706294287805045,0.0901436792318285,1.784729625407796,0.000604789273296639
40547,-2.7082064558372423,-0.164995568644773,1.8939755174953985,0.0008515257936051769
40549,-2.7097479594553464,-0.114776449608346,1.8727156604703232,0.001208528776827379
40551,-2.7027812819120536,-0.0128219179160719,1.8272822011827108,4.7761622790832115e-05
40757,-2.691474957214019,0.4938288104715741,1.6171592474962913,0.0018229756035481948
41240,-2.6754492164529995,0.221523586977298,1.7313197887975924,0.003635049924020676
41241,-2.675436955488534,0.2214954541195971,1.7288145611874222,0.001011365014506111
41281,-2.734479180089851,0.0027854617914575,1.8216344682014056,1.4471842043323546e-05
42009,-2.772283930492449,-0.0448354294319154,1.8430574695781612,0.0006482287300886869
42132,-3.799691719251661,0.1770550775133043,1.792752867559677,0.0004488877697948993
42154,-3.790942126643298,0.2119098196398823,1.779657957833712,0.001075083837981332
42155,-3.790942126643298,0.2119098196398823,1.779657957833712,0.001075083837981332
42209,-3.7946184895558392,0.2939898675871086,1.7473150127871364,0.001838293876255587
42230,-3.788013491099764,0.344211056235954,1.7212466134145863,0.0030375791206448876
42319,-3.7887398551418343,0.4381109050981074,1.6857774101618157,0.00018485204482680297
42421,-3.78399845233555,0.5564588922232784,1.6354354173148604,0.0028461290055182896
42614,-3.7892781420159816,0.6944341449296555,1.583402900996555,0.00034920794095719343
43394,-3.789775133252745,0.0848335249987475,1.8311042764232075,0.0010951867615807802
43395,-3.789775133252745,0.0848335249987475,1.8311042764232075,0.0010951867615807802
43447,-3.8028780160589974,0.15182053836359,1.802902455397426,0.0007352169407537775
43448,-3.8030501626335065,0.1702306773068469,1.7958706085451588,0.00027226287547616346
43581,-3.810232500901962,0.2881740984323044,1.7480859105088142,0.0005038952669119802
43650,-3.79130780744972,0.3745220394741749,1.7088678457605506,0.003079449467893787
43799,-3.779256972797274,0.5485034866757865,1.6389136063763872,0.0021207329048671206
43800,-3.779256972797274,0.5485034866757865,1.6389136063763872,0.0021207329048671206
43946,-3.789675124359742,0.685527392037804,1.588349433366647,0.0010122835674794474
44005,-3.791099114608638,0.7593203735511713,1.5593034093046545,0.0013659892301413465
44238,-3.8165667527991216,0.9833111788145976,1.4698176685202686,0.0001437857002422677
44547,-3.779858055908,0.3768284377683957,1.7102821614386643,0.00010662586801249683
44686,-3.787756638262693,0.6413505918208136,1.60489990396582,3.662143675552229e-05
44861,-3.807711027600315,0.9522284757430678,1.4804886038359657,0.0015130332473643664
44893,-3.805031664361467,1.0295226172483285,1.4503121265801542,0.00080475463347255
45062,-4.1428487016259785,0.4817639184958697,1.6831271400321093,0.0001894804305336801
45190,-3.8143024657496305,1.005691152476296,1.460700923582903,0.00026318192696793316
45247,-3.79238429810999,0.1926000039726731,1.7861740254232157,0.00033345646004357635
45296,-4.44976954012898,0.5132545268427516,1.686296331634895,6.664177943216094e-05
45344,-3.781032256767377,0.7687221500458283,1.555195516956729,0.0015051787656828975
45345,-3.781032256767377,0.7687221500458283,1.555195516956729,0.0015051787656828975
45425,-3.918623176581666,0.4748231993301751,1.677818191520899,0.0008353885617798343
45426,-3.918623176581666,0.4748231993301751,1.677818191520899,0.0008353885617798343
45432,-4.509790582055248,0.5061277467492239,1.6933466572015212,0.002493493672955975
45436,-4.204079105815381,0.4890555501359017,1.682417810495153,0.0003316589562506202
45437,-4.20391323717437,0.4891219244796208,1.6830366902347182,0.00030981727834503825
45442,-3.820831999691741,0.4975506039263808,1.666668721452368,0.0028558859175357105
45443,-3.771758762659693,0.5003739682484352,1.6616937519727506,0.0018147995117700686
45444,-3.7717066133950503,0.5008041612161037,1.662125924037117,0.0024267277688079856
45468,-3.8026711166224905,0.8751146859743397,1.5115593585144396,0.0008562276614362378
45506,-4.234657849906854,0.4870880855635309,1.6860539823089988,0.0013868514264803937
45507,-4.591547625612118,0.5124346380857733,1.6910413788102558,0.0006911431067434605
45508,-4.591547625612118,0.5124346380857733,1.6910413788102558,0.0006911431067434605
45618,-4.334356266464985,0.4882866682090795,1.6884116802391036,0.0007474526033470388
45853,-3.770609662290683,0.7875478080363455,1.5465139034912363,0.0008526254896033162
46017,-4.112292749048173,0.475395390041142,1.6822508564509302,0.0033517332547242052
46020,-3.8929491211463176,0.48542966283468,1.6713896661355334,0.00023671323156421067
46125,-2.677065644100183,0.1574023801755835,1.7529697845678347,0.0020018350702369803
46599,-4.259366076497314,0.4876386168828904,1.6852713055870965,0.00022147235794257872
46657,-4.099457774944047,0.4714500081073829,1.6856365911628743,0.0017702350394941308
46940,-3.788659002305912,1.1865153270710065,1.3886977966013754,0.0011404192989007476
46979,-4.141313227899837,0.4818934831904917,1.6856294976044426,0.002309384797623572
46983,-3.789280935979564,0.5123713432956098,1.65478873396181,0.0012486958334695707
47298,-4.04867125653032,0.4816854401945373,1.6788713101266937,0.0009870893934463196
47299,-4.04867125653032,0.4816854401945373,1.6788713101266937,0.0009870893934463196
47311,-4.50989598754118,0.5063241493550121,1.690785512985797,0.00010230668673181081
47312,-4.5097837919335175,0.5062512804544483,1.6905274765728335,0.00038560542937915904
47320,-4.335575805446481,0.4874506657752216,1.68540156742397,0.0043018338802040795
48365,-5.1689921082693,0.454071347497112,1.736855141344286,0.0013068278208615788
49144,-5.421938443925048,0.4397546492337948,1.7575981274434582,0.004904100695036909
49928,-5.523841628937845,0.404196564347131,1.7755498868613837,0.002654021001732161
49934,-4.071737513512958,0.4751311708105801,1.6833392838994925,0.00032643656205174156
49993,-5.45834876255162,0.4051374573296253,1.7717341161593785,0.00490830675059106
49994,-5.45834876255162,0.4051374573296253,1.7717341161593785,0.00490830675059106
49997,-4.7198818067483215,0.489719279851491,1.703714879278825,0.005012463103016215
49998,-4.7198818067483215,0.489719279851491,1.703714879278825,0.005012463103016215
49999,-4.627351582337494,0.4969506609070163,1.7016055287741352,0.0011446034231719295
50000,-4.627351582337494,0.4969506609070163,1.7016055287741352,0.0011446034231719295
50001,-4.4151672720072845,0.509075828545444,1.6853365009443306,0.00024981119336281725
50004,-4.589614312636791,0.5143223803897585,1.6935405537847104,0.0029300865534037882
50005,-4.589614312636791,0.5143223803897585,1.6935405537847104,0.0029300865534037882
50041,-5.196317005527342,0.4553923284465154,1.7402922418786493,0.002111731629258454
50042,-5.196317005527342,0.4553923284465154,1.7402922418786493,0.002111731629258454
50043,-4.677925767201676,0.492360393224916,1.7016048752761634,0.0035463877806918296
50271,-5.4334541076492116,0.4369251754297903,1.762840540740865,0.007799262162273978
50800,-5.3518123453661595,0.4298479933691349,1.7579688149567636,0.0001489312826387375
50801,-5.3518123453661595,0.4298479933691349,1.7579688149567636,0.0001489312826387375
50876,-4.1677204791225515,0.4959657625680665,1.680418956882241,0.002457785578014855
50903,-4.6780031328270635,0.4918618054778393,1.7005361409199196,0.0048311872144590215
50916,-4.781881868704798,0.469005338786234,1.7255475696232896,0.005770738163754915
50917,-4.781881868704798,0.469005338786234,1.7255475696232896,0.005770738163754915
50943,-4.334270882062049,0.4880746352226434,1.688155249343021,0.0011044369007432203
51137,-5.126697297699314,0.4639004012059264,1.72449182140278,0.006447902855769969
51138,-5.126697297699314,0.4639004012059264,1.72449182140278,0.006447902855769969
51139,-4.164657702137887,0.4933500247580071,1.6737977448377854,0.005193205277684393
51140,-4.163428597091572,0.4931958030121086,1.6758901048337984,0.002655204180778893
51163,-4.493290244291761,0.5004969193033992,1.689055184460669,0.002716655988086802
51180,-5.284943958179111,0.4503703679010091,1.747292213343104,0.004035993086815115
51367,-3.9832618084400697,0.4820831142776952,1.678614888883041,0.0016940173291135243
51368,-3.9832618084400697,0.4820831142776952,1.678614888883041,0.0016940173291135243
51378,-3.9328652560735913,0.474270192179335,1.6811199913776247,0.0033426322446241563
